{"coco/AP": 0.749339544568169, "coco/AP .5": 1.0, "coco/AP .75": 0.9413185220961122, "coco/AP (M)": -1.0, "coco/AP (L)": 0.749339544568169, "coco/AR": 0.7714285714285714, "coco/AR .5": 1.0, "coco/AR .75": 0.9523809523809523, "coco/AR (M)": -1.0, "coco/AR (L)": 0.7714285714285714, "PCK": 0.9705215419501133, "AUC": 0.13066893424036283, "NME": 0.040971950608856826, "data_time": 1.9638399283091228, "time": 2.0141708850860596}