{"lr": 2.2547297297297297e-05, "data_time": 9.31545011997223, "loss": 2.6805727005004885, "loss_cls": 1.9732699394226074, "loss_bbox": 0.7073027849197387, "time": 9.783720922470092, "epoch": 1, "memory": 5139, "step": 10}
{"lr": 6.008445945945946e-05, "data_time": 9.031965551376343, "loss": 2.7009004497528077, "loss_cls": 2.0101051187515258, "loss_bbox": 0.6907953190803527, "time": 9.486667346954345, "epoch": 2, "memory": 5151, "step": 25}
{"lr": 9.762162162162167e-05, "data_time": 9.038327127695084, "loss": 2.7558140814304353, "loss_cls": 2.102525529265404, "loss_bbox": 0.6532885327935218, "time": 9.489929890632629, "epoch": 3, "memory": 5149, "step": 40}
{"coco/bbox_mAP": 0.055, "coco/bbox_mAP_50": 0.066, "coco/bbox_mAP_75": 0.055, "coco/bbox_mAP_s": -1.0, "coco/bbox_mAP_m": -1.0, "coco/bbox_mAP_l": 0.055, "data_time": 1.040051519870758, "time": 1.1760917901992798, "step": 3}
{"lr": 0.00013515878378378378, "data_time": 8.960697050094604, "loss": 2.7987218141555785, "loss_cls": 2.197439765930176, "loss_bbox": 0.6012820279598237, "time": 9.413462409973144, "epoch": 4, "memory": 5145, "step": 55}
{"lr": 0.00017269594594594598, "data_time": 8.969132981300355, "loss": 2.759177370071411, "loss_cls": 2.244455547332764, "loss_bbox": 0.5147218149900437, "time": 9.427600393295288, "epoch": 5, "memory": 5156, "step": 70}
{"lr": 0.00021023310810810807, "data_time": 8.852734980583191, "loss": 2.481793239116669, "loss_cls": 2.0522151160240174, "loss_bbox": 0.42957812666893, "time": 9.314552354812623, "epoch": 6, "memory": 5149, "step": 85}
{"coco/bbox_mAP": 0.163, "coco/bbox_mAP_50": 0.196, "coco/bbox_mAP_75": 0.19, "coco/bbox_mAP_s": -1.0, "coco/bbox_mAP_m": -1.0, "coco/bbox_mAP_l": 0.163, "data_time": 0.9722431989816519, "time": 1.0949476132026086, "step": 6}
{"lr": 0.0002477702702702701, "data_time": 8.870459747314452, "loss": 2.0254953646659852, "loss_cls": 1.6732467496395111, "loss_bbox": 0.35224862039089205, "time": 9.332290139198303, "epoch": 7, "memory": 5140, "step": 100}
{"lr": 0.00028530743243243215, "data_time": 8.722302966117859, "loss": 1.5783767747879027, "loss_cls": 1.277467566728592, "loss_bbox": 0.30090920984745023, "time": 9.179109473228454, "epoch": 8, "memory": 5168, "step": 115}
{"lr": 0.0003228445945945944, "data_time": 8.877710638046265, "loss": 1.2672412657737733, "loss_cls": 1.0008473086357117, "loss_bbox": 0.2663939517736435, "time": 9.336008505821228, "epoch": 9, "memory": 5156, "step": 130}
{"coco/bbox_mAP": 0.633, "coco/bbox_mAP_50": 0.703, "coco/bbox_mAP_75": 0.702, "coco/bbox_mAP_s": -1.0, "coco/bbox_mAP_m": -1.0, "coco/bbox_mAP_l": 0.633, "data_time": 0.9843295537508451, "time": 1.0999475442446196, "step": 9}
{"lr": 0.00036038175675675666, "data_time": 8.789391474723816, "loss": 1.0953043854236604, "loss_cls": 0.850996150970459, "loss_bbox": 0.24430823236703872, "time": 9.238834843635559, "epoch": 10, "memory": 5156, "step": 145}
{"lr": 0.0003979189189189189, "data_time": 8.599325823783875, "loss": 0.9606935155391693, "loss_cls": 0.7300552630424499, "loss_bbox": 0.2306382530927658, "time": 9.050472269058227, "epoch": 11, "memory": 5142, "step": 160}
{"lr": 0.00043545608108108106, "data_time": 8.346037187576293, "loss": 0.8573965752124786, "loss_cls": 0.6347463023662567, "loss_bbox": 0.22265027433633805, "time": 8.79425042629242, "epoch": 12, "memory": 5157, "step": 175}
{"coco/bbox_mAP": 0.87, "coco/bbox_mAP_50": 0.976, "coco/bbox_mAP_75": 0.976, "coco/bbox_mAP_s": -1.0, "coco/bbox_mAP_m": -1.0, "coco/bbox_mAP_l": 0.87, "data_time": 1.0090148815741906, "time": 1.1224129566779504, "step": 12}
{"lr": 0.000472993243243243, "data_time": 8.29055760860443, "loss": 0.7617006826400757, "loss_cls": 0.5496432435512543, "loss_bbox": 0.2120574390888214, "time": 8.736522493362427, "epoch": 13, "memory": 5141, "step": 190}
