{"coco/bbox_mAP": 0.486, "coco/bbox_mAP_50": 0.953, "coco/bbox_mAP_75": 0.422, "coco/bbox_mAP_s": -1.0, "coco/bbox_mAP_m": -1.0, "coco/bbox_mAP_l": 0.486, "data_time": 0.5815700617703524, "time": 0.6302763765508478}