{"coco/bbox_mAP": 0.619, "coco/bbox_mAP_50": 0.961, "coco/bbox_mAP_75": 0.763, "coco/bbox_mAP_s": -1.0, "coco/bbox_mAP_m": -1.0, "coco/bbox_mAP_l": 0.619, "data_time": 0.5448930263519287, "time": 0.5982483083551581}